resource,addressbase-custodian,billing-authority,census-area,combined-authority,end-date,entry-date,esd-inventory,local-authority-type,local-resilience-forum,name,official-name,opendatacommunities-area,opendatacommunities-organisation,organisation,region,shielding-hub,start-date,statistical-geography,twitter,website,wikidata,wikipedia
a878c850cb37f513c60560fcb3865952e936f7d8429330e6674652b2fcfb1566,,,,,,2020-02-29,,UA,,Buckinghamshire,Buckinghamshire Council,,,local-authority-eng:BUC,,,2020-04-01,,,,,
a878c850cb37f513c60560fcb3865952e936f7d8429330e6674652b2fcfb1566,,,,,2020-03-31,2020-02-29,,CTY,,Buckinghamshire,Buckinghamshire County Council,,,local-authority-eng:BKM,,,1905-06-19,,,,,
a878c850cb37f513c60560fcb3865952e936f7d8429330e6674652b2fcfb1566,,,,,2020-03-31,2020-02-29,,NMD,,Aylesbury Vale,Aylesbury Vale District Council,,,local-authority-eng:AYL,,,,,,,,
a878c850cb37f513c60560fcb3865952e936f7d8429330e6674652b2fcfb1566,,,,,2020-03-31,2020-02-29,,NMD,,Chiltern,Chiltern District Council,,,local-authority-eng:CHN,,,,,,,,
a878c850cb37f513c60560fcb3865952e936f7d8429330e6674652b2fcfb1566,,,,,2020-03-31,2020-02-29,,NMD,,South Bucks,South Bucks District Council,,,local-authority-eng:SBU,,,,,,,,
a878c850cb37f513c60560fcb3865952e936f7d8429330e6674652b2fcfb1566,,,,,2020-03-31,2020-02-29,,NMD,,Wycombe,Wycombe District Council,,,local-authority-eng:WYO,,,,,,,,
a878c850cb37f513c60560fcb3865952e936f7d8429330e6674652b2fcfb1566,,,,,,2018-10-10,,UA,,"Bournemouth, Christchurch and Poole","Bournemouth, Christchurch and Poole Council",,,local-authority-eng:BPC,,,2019-04-01,,,,,
a878c850cb37f513c60560fcb3865952e936f7d8429330e6674652b2fcfb1566,,,,,,2018-10-09,,UA,,Dorset Council,Dorset Council,,,local-authority-eng:DST,,,2019-04-01,,,,,
a878c850cb37f513c60560fcb3865952e936f7d8429330e6674652b2fcfb1566,,,,,,2018-10-09,,NMD,,Somerset West and Taunton,Somerset West and Taunton Council,,,local-authority-eng:SWT,,,2019-04-01,,,,,
a878c850cb37f513c60560fcb3865952e936f7d8429330e6674652b2fcfb1566,,,,,,2018-10-09,,NMD,,West Suffolk,West Suffolk Council,,,local-authority-eng:WSK,,,2019-04-01,,,,,
a878c850cb37f513c60560fcb3865952e936f7d8429330e6674652b2fcfb1566,,,,,,2018-10-09,,NMD,,East Suffolk,East Suffolk Council,,,local-authority-eng:ESK,,,2019-04-01,,,,,
a878c850cb37f513c60560fcb3865952e936f7d8429330e6674652b2fcfb1566,,,,,2019-03-31,2018-10-09,,NMD,,Weymouth and Portland,Weymouth and Portland Borough Council,,,local-authority-eng:WEY,,,,,,,,
a878c850cb37f513c60560fcb3865952e936f7d8429330e6674652b2fcfb1566,,,,,2019-03-31,2018-10-09,,NMD,,West Dorset,West Dorset District Council,,,local-authority-eng:WDO,,,,,,,,
a878c850cb37f513c60560fcb3865952e936f7d8429330e6674652b2fcfb1566,,,,,2019-03-31,2018-10-09,,NMD,,Purbeck,Purbeck District Council,,,local-authority-eng:PUR,,,,,,,,
a878c850cb37f513c60560fcb3865952e936f7d8429330e6674652b2fcfb1566,,,,,2019-03-31,2018-10-09,,NMD,,North Dorset,North Dorset District Council,,,local-authority-eng:NDO,,,,,,,,
a878c850cb37f513c60560fcb3865952e936f7d8429330e6674652b2fcfb1566,,,,,2019-03-31,2018-10-09,,NMD,,East Dorset,East Dorset District Council,,,local-authority-eng:EDO,,,,,,,,
a878c850cb37f513c60560fcb3865952e936f7d8429330e6674652b2fcfb1566,,,,,2019-03-31,2018-10-09,,CTY,,Dorset,Dorset County Council,,,local-authority-eng:DOR,,,,,,,,
a878c850cb37f513c60560fcb3865952e936f7d8429330e6674652b2fcfb1566,,,,,2019-03-31,2018-10-09,,NMD,,Christchurch,Christchurch Borough Council,,,local-authority-eng:CHC,,,,,,,,
a878c850cb37f513c60560fcb3865952e936f7d8429330e6674652b2fcfb1566,,,,,2019-03-31,2018-10-09,,UA,,Poole,Borough of Poole,,,local-authority-eng:POL,,,1997-04-01,,,,,
a878c850cb37f513c60560fcb3865952e936f7d8429330e6674652b2fcfb1566,,,,,2019-03-31,2018-10-09,,UA,,Bournemouth,Bournemouth Borough Council,,,local-authority-eng:BMH,,,1905-06-19,,,,,
a878c850cb37f513c60560fcb3865952e936f7d8429330e6674652b2fcfb1566,,,,,2019-03-31,2018-10-09,,NMD,,St Edmundsbury,St Edmundsbury Borough Council,,,local-authority-eng:SED,,,,,,,,
a878c850cb37f513c60560fcb3865952e936f7d8429330e6674652b2fcfb1566,,,,,2019-03-31,2018-10-09,,NMD,,Forest Heath,Forest Heath District Council,,,local-authority-eng:FOR,,,,,,,,
a878c850cb37f513c60560fcb3865952e936f7d8429330e6674652b2fcfb1566,,,,,2019-03-31,2018-10-09,,NMD,,West Somerset,West Somerset District Council,,,local-authority-eng:WSO,,,,,,,,
a878c850cb37f513c60560fcb3865952e936f7d8429330e6674652b2fcfb1566,,,,,2019-03-31,2018-10-09,,NMD,,Taunton Deane,Taunton Deane Borough Council,,,local-authority-eng:TAU,,,,,,,,
a878c850cb37f513c60560fcb3865952e936f7d8429330e6674652b2fcfb1566,,,,,2019-03-31,2018-10-09,,NMD,,Waveney,Waveney District Council,,,local-authority-eng:WAV,,,,,,,,
a878c850cb37f513c60560fcb3865952e936f7d8429330e6674652b2fcfb1566,,,,,2019-03-31,2018-10-09,,NMD,,Suffolk Coastal,Suffolk Coastal District Council,,,local-authority-eng:SUF,,,,,,,,
a878c850cb37f513c60560fcb3865952e936f7d8429330e6674652b2fcfb1566,,,,,,2018-10-09,,COMB,,Tees Valley Combined Authority,Tees Valley Combined Authority,,,local-authority-eng:TVCA,,,2014-04-01,,,,,
a878c850cb37f513c60560fcb3865952e936f7d8429330e6674652b2fcfb1566,,,,,,2018-10-09,,COMB,,Cambridgeshire and Peterborough Combined Authority,Cambridgeshire and Peterborough Combined Authority,,,local-authority-eng:CPCA,,,2014-04-01,,,,,
a878c850cb37f513c60560fcb3865952e936f7d8429330e6674652b2fcfb1566,,,,,,2018-10-09,,COMB,,West Midlands Combined Authority,West Midlands Combined Authority,,,local-authority-eng:WMCA,,,2014-04-01,,,,,
a878c850cb37f513c60560fcb3865952e936f7d8429330e6674652b2fcfb1566,,,,,,2018-10-09,,COMB,,Greater Manchester Combined Authority,Greater Manchester Combined Authority,,,local-authority-eng:GMCA,,,2014-04-01,,,,,
a878c850cb37f513c60560fcb3865952e936f7d8429330e6674652b2fcfb1566,,,,,,2018-10-09,,COMB,,West of England Combined Authority,West of England Combined Authority,,,local-authority-eng:WECA,,,2014-04-01,,,,,
a878c850cb37f513c60560fcb3865952e936f7d8429330e6674652b2fcfb1566,,,,,,2018-10-09,,COMB,,Sheffield City Region,Sheffield City Region,,,local-authority-eng:SCR,,,2014-04-01,,,,,
a878c850cb37f513c60560fcb3865952e936f7d8429330e6674652b2fcfb1566,,,,,,2018-10-09,,COMB,,Liverpool City Region,Liverpool City Region,,,local-authority-eng:LCR,,,2014-04-01,,,,,
a878c850cb37f513c60560fcb3865952e936f7d8429330e6674652b2fcfb1566,,,,,,2018-04-05,,NMD,,Folkestone & Hythe,Folkestone and Hythe Council,,,local-authority-eng:SHE,,,,,,,,
a878c850cb37f513c60560fcb3865952e936f7d8429330e6674652b2fcfb1566,,,,,,2017-07-04,,MD,,Birmingham,Birmingham City Council,,,local-authority-eng:BIR,,,1986-07-01,,,,,
a878c850cb37f513c60560fcb3865952e936f7d8429330e6674652b2fcfb1566,,,,,,2017-01-26,,NMD,,King's Lynn and West Norfolk,Borough Council of King's Lynn and West Norfolk,,,local-authority-eng:KIN,,,,,,,,
a878c850cb37f513c60560fcb3865952e936f7d8429330e6674652b2fcfb1566,,,,,,2016-11-01,,SRA,,Greater London,Greater London Authority,,,local-authority-eng:GLA,,,1905-06-22,,,,,
a878c850cb37f513c60560fcb3865952e936f7d8429330e6674652b2fcfb1566,,,,,,2016-10-31,,CC,,City of London,City of London Corporation,,,local-authority-eng:LND,,,1905-06-28,,,,,
a878c850cb37f513c60560fcb3865952e936f7d8429330e6674652b2fcfb1566,,,,,,2016-10-21,,NMD,,Worthing,Worthing Borough Council,,,local-authority-eng:WOT,,,1905-06-25,,,,,
a878c850cb37f513c60560fcb3865952e936f7d8429330e6674652b2fcfb1566,,,,,,2016-10-21,,NMD,,Mid Sussex,Mid Sussex District Council,,,local-authority-eng:MSS,,,1974-04-01,,,,,
a878c850cb37f513c60560fcb3865952e936f7d8429330e6674652b2fcfb1566,,,,,,2016-10-21,,NMD,,Horsham,Horsham District Council,,,local-authority-eng:HOR,,,1974-04-01,,,,,
a878c850cb37f513c60560fcb3865952e936f7d8429330e6674652b2fcfb1566,,,,,,2016-10-21,,NMD,,Crawley,Crawley Borough Council,,,local-authority-eng:CRW,,,1974-04-01,,,,,
a878c850cb37f513c60560fcb3865952e936f7d8429330e6674652b2fcfb1566,,,,,,2016-10-21,,NMD,,Chichester,Chichester District Council,,,local-authority-eng:CHI,,,1974-04-01,,,,,
a878c850cb37f513c60560fcb3865952e936f7d8429330e6674652b2fcfb1566,,,,,,2016-10-21,,NMD,,Arun,Arun District Council,,,local-authority-eng:ARU,,,,,,,,
a878c850cb37f513c60560fcb3865952e936f7d8429330e6674652b2fcfb1566,,,,,,2016-10-21,,NMD,,Adur,Adur District Council,,,local-authority-eng:ADU,,,,,,,,
a878c850cb37f513c60560fcb3865952e936f7d8429330e6674652b2fcfb1566,,,,,,2016-10-21,,CTY,,West Sussex,West Sussex County Council,,,local-authority-eng:WSX,,,,,,,,
a878c850cb37f513c60560fcb3865952e936f7d8429330e6674652b2fcfb1566,,,,,,2016-10-21,,NMD,,Wyre Forest,Wyre Forest District Council,,,local-authority-eng:WYE,,,,,,,,
a878c850cb37f513c60560fcb3865952e936f7d8429330e6674652b2fcfb1566,,,,,,2016-10-21,,NMD,,Wychavon,Wychavon District Council,,,local-authority-eng:WYC,,,,,,,,
a878c850cb37f513c60560fcb3865952e936f7d8429330e6674652b2fcfb1566,,,,,,2016-10-21,,NMD,,Worcester,Worcester City Council,,,local-authority-eng:WOC,,,,,,,,
a878c850cb37f513c60560fcb3865952e936f7d8429330e6674652b2fcfb1566,,,,,,2016-10-21,,NMD,,Redditch,Redditch Borough Council,,,local-authority-eng:RED,,,,,,,,
a878c850cb37f513c60560fcb3865952e936f7d8429330e6674652b2fcfb1566,,,,,,2016-10-21,,NMD,,Malvern Hills,Malvern Hills District Council,,,local-authority-eng:MAV,,,,,,,,
a878c850cb37f513c60560fcb3865952e936f7d8429330e6674652b2fcfb1566,,,,,,2016-10-21,,NMD,,Bromsgrove,Bromsgrove District Council,,,local-authority-eng:BRM,,,,,,,,
a878c850cb37f513c60560fcb3865952e936f7d8429330e6674652b2fcfb1566,,,,,,2016-10-21,,CTY,,Worcestershire,Worcestershire County Council,,,local-authority-eng:WOR,,,,,,,,
a878c850cb37f513c60560fcb3865952e936f7d8429330e6674652b2fcfb1566,,,,,,2016-10-21,,NMD,,Warwick,Warwick District Council,,,local-authority-eng:WAW,,,,,,,,
a878c850cb37f513c60560fcb3865952e936f7d8429330e6674652b2fcfb1566,,,,,,2016-10-21,,NMD,,Stratford-on-Avon,Stratford-on-Avon District Council,,,local-authority-eng:STR,,,,,,,,
a878c850cb37f513c60560fcb3865952e936f7d8429330e6674652b2fcfb1566,,,,,,2016-10-21,,NMD,,Rugby,Rugby Borough Council,,,local-authority-eng:RUG,,,,,,,,
a878c850cb37f513c60560fcb3865952e936f7d8429330e6674652b2fcfb1566,,,,,,2016-10-21,,NMD,,Nuneaton and Bedworth,Nuneaton and Bedworth Borough Council,,,local-authority-eng:NUN,,,,,,,,
a878c850cb37f513c60560fcb3865952e936f7d8429330e6674652b2fcfb1566,,,,,,2016-10-21,,NMD,,North Warwickshire,North Warwickshire Borough Council,,,local-authority-eng:NWA,,,,,,,,
a878c850cb37f513c60560fcb3865952e936f7d8429330e6674652b2fcfb1566,,,,,,2016-10-21,,CTY,,Warwickshire,Warwickshire County Council,,,local-authority-eng:WAR,,,,,,,,
a878c850cb37f513c60560fcb3865952e936f7d8429330e6674652b2fcfb1566,,,,,,2016-10-21,,NMD,,Tamworth,Tamworth Borough Council,,,local-authority-eng:TAW,,,,,,,,
a878c850cb37f513c60560fcb3865952e936f7d8429330e6674652b2fcfb1566,,,,,,2016-10-21,,NMD,,Staffordshire Moorlands,Staffordshire Moorlands District Council,,,local-authority-eng:STF,,,,,,,,
a878c850cb37f513c60560fcb3865952e936f7d8429330e6674652b2fcfb1566,,,,,,2016-10-21,,NMD,,Stafford,Stafford Borough Council,,,local-authority-eng:STA,,,,,,,,
a878c850cb37f513c60560fcb3865952e936f7d8429330e6674652b2fcfb1566,,,,,,2016-10-21,,NMD,,South Staffordshire,South Staffordshire Council,,,local-authority-eng:SST,,,,,,,,
a878c850cb37f513c60560fcb3865952e936f7d8429330e6674652b2fcfb1566,,,,,,2016-10-21,,NMD,,Newcastle-under-Lyme,Newcastle-under-Lyme Borough Council,,,local-authority-eng:NEC,,,,,,,,
a878c850cb37f513c60560fcb3865952e936f7d8429330e6674652b2fcfb1566,,,,,,2016-10-21,,NMD,,Lichfield,Lichfield District Council,,,local-authority-eng:LIF,,,,,,,,
a878c850cb37f513c60560fcb3865952e936f7d8429330e6674652b2fcfb1566,,,,,,2016-10-21,,NMD,,East Staffordshire,East Staffordshire Borough Council,,,local-authority-eng:EST,,,,,,,,
a878c850cb37f513c60560fcb3865952e936f7d8429330e6674652b2fcfb1566,,,,,,2016-10-21,,NMD,,Cannock Chase,Cannock Chase District Council,,,local-authority-eng:CAN,,,,,,,,
a878c850cb37f513c60560fcb3865952e936f7d8429330e6674652b2fcfb1566,,,,,,2016-10-21,,CTY,,Staffordshire,Staffordshire County Council,,,local-authority-eng:STS,,,,,,,,
a878c850cb37f513c60560fcb3865952e936f7d8429330e6674652b2fcfb1566,,,,,,2016-10-21,,NMD,,Woking,Woking Borough Council,,,local-authority-eng:WOI,,,,,,,,
a878c850cb37f513c60560fcb3865952e936f7d8429330e6674652b2fcfb1566,,,,,,2016-10-21,,NMD,,Waverley,Waverley Borough Council,,,local-authority-eng:WAE,,,,,,,,
a878c850cb37f513c60560fcb3865952e936f7d8429330e6674652b2fcfb1566,,,,,,2016-10-21,,NMD,,Tandridge,Tandridge District Council,,,local-authority-eng:TAN,,,,,,,,
a878c850cb37f513c60560fcb3865952e936f7d8429330e6674652b2fcfb1566,,,,,,2016-10-21,,NMD,,Surrey Heath,Surrey Heath Borough Council,,,local-authority-eng:SUR,,,,,,,,
a878c850cb37f513c60560fcb3865952e936f7d8429330e6674652b2fcfb1566,,,,,,2016-10-21,,NMD,,Spelthorne,Spelthorne Borough Council,,,local-authority-eng:SPE,,,,,,,,
a878c850cb37f513c60560fcb3865952e936f7d8429330e6674652b2fcfb1566,,,,,,2016-10-21,,NMD,,Runnymede,Runnymede Borough Council,,,local-authority-eng:RUN,,,,,,,,
a878c850cb37f513c60560fcb3865952e936f7d8429330e6674652b2fcfb1566,,,,,,2016-10-21,,NMD,,Reigate and Banstead,Reigate and Banstead Borough Council,,,local-authority-eng:REI,,,,,,,,
a878c850cb37f513c60560fcb3865952e936f7d8429330e6674652b2fcfb1566,,,,,,2016-10-21,,NMD,,Mole Valley,Mole Valley District Council,,,local-authority-eng:MOL,,,,,,,,
a878c850cb37f513c60560fcb3865952e936f7d8429330e6674652b2fcfb1566,,,,,,2016-10-21,,NMD,,Guildford,Guildford Borough Council,,,local-authority-eng:GRT,,,,,,,,
a878c850cb37f513c60560fcb3865952e936f7d8429330e6674652b2fcfb1566,,,,,,2016-10-21,,NMD,,Epsom and Ewell,Epsom and Ewell Borough Council,,,local-authority-eng:EPS,,,,,,,,
a878c850cb37f513c60560fcb3865952e936f7d8429330e6674652b2fcfb1566,,,,,,2016-10-21,,NMD,,Elmbridge,Elmbridge Borough Council,,,local-authority-eng:ELM,,,,,,,,
a878c850cb37f513c60560fcb3865952e936f7d8429330e6674652b2fcfb1566,,,,,,2016-10-21,,CTY,,Surrey,Surrey County Council,,,local-authority-eng:SRY,,,,,,,,
a878c850cb37f513c60560fcb3865952e936f7d8429330e6674652b2fcfb1566,,,,,,2016-10-21,,NMD,,South Somerset,South Somerset District Council,,,local-authority-eng:SSO,,,,,,,,
a878c850cb37f513c60560fcb3865952e936f7d8429330e6674652b2fcfb1566,,,,,,2016-10-21,,NMD,,Sedgemoor,Sedgemoor District Council,,,local-authority-eng:SEG,,,,,,,,
a878c850cb37f513c60560fcb3865952e936f7d8429330e6674652b2fcfb1566,,,,,,2016-10-21,,NMD,,Mendip,Mendip District Council,,,local-authority-eng:MEN,,,,,,,,
a878c850cb37f513c60560fcb3865952e936f7d8429330e6674652b2fcfb1566,,,,,,2016-10-21,,CTY,,Somerset,Somerset County Council,,,local-authority-eng:SOM,,,,,,,,
a878c850cb37f513c60560fcb3865952e936f7d8429330e6674652b2fcfb1566,,,,,,2016-10-21,,NMD,,Mid Suffolk,Mid Suffolk District Council,,,local-authority-eng:MSU,,,,,,,,
a878c850cb37f513c60560fcb3865952e936f7d8429330e6674652b2fcfb1566,,,,,,2016-10-21,,NMD,,Ipswich,Ipswich Borough Council,,,local-authority-eng:IPS,,,,,,,,
a878c850cb37f513c60560fcb3865952e936f7d8429330e6674652b2fcfb1566,,,,,,2016-10-21,,NMD,,Babergh,Babergh District Council,,,local-authority-eng:BAB,,,,,,,,
a878c850cb37f513c60560fcb3865952e936f7d8429330e6674652b2fcfb1566,,,,,,2016-10-21,,CTY,,Suffolk,Suffolk County Council,,,local-authority-eng:SFK,,,,,,,,
a878c850cb37f513c60560fcb3865952e936f7d8429330e6674652b2fcfb1566,,,,,,2016-10-21,,NMD,,West Oxfordshire,West Oxfordshire District Council,,,local-authority-eng:WOX,,,,,,,,
a878c850cb37f513c60560fcb3865952e936f7d8429330e6674652b2fcfb1566,,,,,,2016-10-21,,NMD,,Vale of White Horse,Vale of White Horse District Council,,,local-authority-eng:VAL,,,,,,,,
a878c850cb37f513c60560fcb3865952e936f7d8429330e6674652b2fcfb1566,,,,,,2016-10-21,,NMD,,South Oxfordshire,South Oxfordshire District Council,,,local-authority-eng:SOX,,,,,,,,
a878c850cb37f513c60560fcb3865952e936f7d8429330e6674652b2fcfb1566,,,,,,2016-10-21,,NMD,,Oxford,Oxford City Council,,,local-authority-eng:OXO,,,,,,,,
a878c850cb37f513c60560fcb3865952e936f7d8429330e6674652b2fcfb1566,,,,,,2016-10-21,,NMD,,Cherwell,Cherwell District Council,,,local-authority-eng:CHR,,,,,,,,
a878c850cb37f513c60560fcb3865952e936f7d8429330e6674652b2fcfb1566,,,,,,2016-10-21,,CTY,,Oxfordshire,Oxfordshire County Council,,,local-authority-eng:OXF,,,,,,,,
a878c850cb37f513c60560fcb3865952e936f7d8429330e6674652b2fcfb1566,,,,,,2016-10-21,,NMD,,Selby,Selby District Council,,,local-authority-eng:SEL,,,,,,,,
a878c850cb37f513c60560fcb3865952e936f7d8429330e6674652b2fcfb1566,,,,,,2016-10-21,,NMD,,Scarborough,Scarborough Borough Council,,,local-authority-eng:SCE,,,,,,,,
a878c850cb37f513c60560fcb3865952e936f7d8429330e6674652b2fcfb1566,,,,,,2016-10-21,,NMD,,Ryedale,Ryedale District Council,,,local-authority-eng:RYE,,,,,,,,
a878c850cb37f513c60560fcb3865952e936f7d8429330e6674652b2fcfb1566,,,,,,2016-10-21,,NMD,,Richmondshire,Richmondshire District Council,,,local-authority-eng:RIH,,,,,,,,
a878c850cb37f513c60560fcb3865952e936f7d8429330e6674652b2fcfb1566,,,,,,2016-10-21,,NMD,,Harrogate,Harrogate Borough Council,,,local-authority-eng:HAG,,,,,,,,
a878c850cb37f513c60560fcb3865952e936f7d8429330e6674652b2fcfb1566,,,,,,2016-10-21,,NMD,,Hambleton,Hambleton District Council,,,local-authority-eng:HAE,,,,,,,,
a878c850cb37f513c60560fcb3865952e936f7d8429330e6674652b2fcfb1566,,,,,,2016-10-21,,NMD,,Craven,Craven District Council,,,local-authority-eng:CRA,,,,,,,,
a878c850cb37f513c60560fcb3865952e936f7d8429330e6674652b2fcfb1566,,,,,,2016-10-21,,CTY,,North Yorkshire,North Yorkshire County Council,,,local-authority-eng:NYK,,,,,,,,
a878c850cb37f513c60560fcb3865952e936f7d8429330e6674652b2fcfb1566,,,,,,2016-10-21,,NMD,,Rushcliffe,Rushcliffe Borough Council,,,local-authority-eng:RUS,,,,,,,,
a878c850cb37f513c60560fcb3865952e936f7d8429330e6674652b2fcfb1566,,,,,,2016-10-21,,NMD,,Newark and Sherwood,Newark and Sherwood District Council,,,local-authority-eng:NEA,,,,,,,,
a878c850cb37f513c60560fcb3865952e936f7d8429330e6674652b2fcfb1566,,,,,,2016-10-21,,NMD,,Mansfield,Mansfield District Council,,,local-authority-eng:MAS,,,,,,,,
a878c850cb37f513c60560fcb3865952e936f7d8429330e6674652b2fcfb1566,,,,,,2016-10-21,,NMD,,Gedling,Gedling Borough Council,,,local-authority-eng:GED,,,,,,,,
a878c850cb37f513c60560fcb3865952e936f7d8429330e6674652b2fcfb1566,,,,,,2016-10-21,,NMD,,Broxtowe,Broxtowe Borough Council,,,local-authority-eng:BRT,,,,,,,,
a878c850cb37f513c60560fcb3865952e936f7d8429330e6674652b2fcfb1566,,,,,,2016-10-21,,NMD,,Bassetlaw,Bassetlaw District Council,,,local-authority-eng:BAE,,,,,,,,
a878c850cb37f513c60560fcb3865952e936f7d8429330e6674652b2fcfb1566,,,,,,2016-10-21,,NMD,,Ashfield,Ashfield District Council,,,local-authority-eng:ASH,,,,,,,,
a878c850cb37f513c60560fcb3865952e936f7d8429330e6674652b2fcfb1566,,,,,,2016-10-21,,CTY,,Nottinghamshire,Nottinghamshire County Council,,,local-authority-eng:NTT,,,,,,,,
a878c850cb37f513c60560fcb3865952e936f7d8429330e6674652b2fcfb1566,,,,,,2016-10-21,,NMD,,Wellingborough,Wellingborough Borough Council,,,local-authority-eng:WEL,,,,,,,,
a878c850cb37f513c60560fcb3865952e936f7d8429330e6674652b2fcfb1566,,,,,,2016-10-21,,NMD,,South Northamptonshire,South Northamptonshire Council,,,local-authority-eng:SNR,,,,,,,,
a878c850cb37f513c60560fcb3865952e936f7d8429330e6674652b2fcfb1566,,,,,,2016-10-21,,NMD,,Northampton,Northampton Borough Council,,,local-authority-eng:NOR,,,,,,,,
a878c850cb37f513c60560fcb3865952e936f7d8429330e6674652b2fcfb1566,,,,,,2016-10-21,,NMD,,Kettering,Kettering Borough Council,,,local-authority-eng:KET,,,,,,,,
a878c850cb37f513c60560fcb3865952e936f7d8429330e6674652b2fcfb1566,,,,,,2016-10-21,,NMD,,East Northamptonshire,East Northamptonshire Council,,,local-authority-eng:ENO,,,,,,,,
a878c850cb37f513c60560fcb3865952e936f7d8429330e6674652b2fcfb1566,,,,,,2016-10-21,,NMD,,Daventry,Daventry District Council,,,local-authority-eng:DAV,,,,,,,,
a878c850cb37f513c60560fcb3865952e936f7d8429330e6674652b2fcfb1566,,,,,,2016-10-21,,NMD,,Corby,Corby Borough Council,,,local-authority-eng:COR,,,,,,,,
a878c850cb37f513c60560fcb3865952e936f7d8429330e6674652b2fcfb1566,,,,,,2016-10-21,,CTY,,Northamptonshire,Northamptonshire County Council,,,local-authority-eng:NTH,,,,,,,,
a878c850cb37f513c60560fcb3865952e936f7d8429330e6674652b2fcfb1566,,,,,,2016-10-21,,NMD,,South Norfolk,South Norfolk District Council,,,local-authority-eng:SNO,,,,,,,,
a878c850cb37f513c60560fcb3865952e936f7d8429330e6674652b2fcfb1566,,,,,,2016-10-21,,NMD,,Norwich,Norwich City Council,,,local-authority-eng:NOW,,,,,,,,
a878c850cb37f513c60560fcb3865952e936f7d8429330e6674652b2fcfb1566,,,,,,2016-10-21,,NMD,,North Norfolk,North Norfolk District Council,,,local-authority-eng:NNO,,,,,,,,
a878c850cb37f513c60560fcb3865952e936f7d8429330e6674652b2fcfb1566,,,,,,2016-10-21,,NMD,,Great Yarmouth,Great Yarmouth Borough Council,,,local-authority-eng:GRY,,,,,,,,
a878c850cb37f513c60560fcb3865952e936f7d8429330e6674652b2fcfb1566,,,,,,2016-10-21,,NMD,,Broadland,Broadland District Council,,,local-authority-eng:BRO,,,,,,,,
a878c850cb37f513c60560fcb3865952e936f7d8429330e6674652b2fcfb1566,,,,,,2016-10-21,,NMD,,Breckland,Breckland District Council,,,local-authority-eng:BRE,,,,,,,,
a878c850cb37f513c60560fcb3865952e936f7d8429330e6674652b2fcfb1566,,,,,,2016-10-21,,CTY,,Norfolk,Norfolk County Council,,,local-authority-eng:NFK,,,,,,,,
a878c850cb37f513c60560fcb3865952e936f7d8429330e6674652b2fcfb1566,,,,,,2016-10-21,,NMD,,West Lindsey,West Lindsey District Council,,,local-authority-eng:WLI,,,,,,,,
a878c850cb37f513c60560fcb3865952e936f7d8429330e6674652b2fcfb1566,,,,,,2016-10-21,,NMD,,South Kesteven,South Kesteven District Council,,,local-authority-eng:SKE,,,,,,,,
a878c850cb37f513c60560fcb3865952e936f7d8429330e6674652b2fcfb1566,,,,,,2016-10-21,,NMD,,South Holland,South Holland District Council,,,local-authority-eng:SHO,,,,,,,,
a878c850cb37f513c60560fcb3865952e936f7d8429330e6674652b2fcfb1566,,,,,,2016-10-21,,NMD,,North Kesteven,North Kesteven District Council,,,local-authority-eng:NKE,,,,,,,,
a878c850cb37f513c60560fcb3865952e936f7d8429330e6674652b2fcfb1566,,,,,,2016-10-21,,NMD,,City of Lincoln,City of Lincoln Council,,,local-authority-eng:LIC,,,,,,,,
a878c850cb37f513c60560fcb3865952e936f7d8429330e6674652b2fcfb1566,,,,,,2016-10-21,,NMD,,East Lindsey,East Lindsey District Council,,,local-authority-eng:ELI,,,,,,,,
a878c850cb37f513c60560fcb3865952e936f7d8429330e6674652b2fcfb1566,,,,,,2016-10-21,,NMD,,Boston,Boston Borough Council,,,local-authority-eng:BOT,,,,,,,,
a878c850cb37f513c60560fcb3865952e936f7d8429330e6674652b2fcfb1566,,,,,,2016-10-21,,CTY,,Lincolnshire,Lincolnshire County Council,,,local-authority-eng:LIN,,,,,,,,
a878c850cb37f513c60560fcb3865952e936f7d8429330e6674652b2fcfb1566,,,,,,2016-10-21,,NMD,,Oadby and Wigston,Oadby and Wigston Borough Council,,,local-authority-eng:OAD,,,,,,,,
a878c850cb37f513c60560fcb3865952e936f7d8429330e6674652b2fcfb1566,,,,,,2016-10-21,,NMD,,North West Leicestershire,North West Leicestershire District Council,,,local-authority-eng:NWL,,,,,,,,
a878c850cb37f513c60560fcb3865952e936f7d8429330e6674652b2fcfb1566,,,,,,2016-10-21,,NMD,,Melton,Melton Borough Council,,,local-authority-eng:MEL,,,,,,,,
a878c850cb37f513c60560fcb3865952e936f7d8429330e6674652b2fcfb1566,,,,,,2016-10-21,,NMD,,Hinckley and Bosworth,Hinckley and Bosworth Borough Council,,,local-authority-eng:HIN,,,,,,,,
a878c850cb37f513c60560fcb3865952e936f7d8429330e6674652b2fcfb1566,,,,,,2016-10-21,,NMD,,Harborough,Harborough District Council,,,local-authority-eng:HAO,,,,,,,,
a878c850cb37f513c60560fcb3865952e936f7d8429330e6674652b2fcfb1566,,,,,,2016-10-21,,NMD,,Charnwood,Charnwood Borough Council,,,local-authority-eng:CHA,,,,,,,,
a878c850cb37f513c60560fcb3865952e936f7d8429330e6674652b2fcfb1566,,,,,,2016-10-21,,NMD,,Blaby,Blaby District Council,,,local-authority-eng:BLA,,,,,,,,
a878c850cb37f513c60560fcb3865952e936f7d8429330e6674652b2fcfb1566,,,,,,2016-10-21,,CTY,,Leicestershire,Leicestershire County Council,,,local-authority-eng:LEC,,,,,,,,
a878c850cb37f513c60560fcb3865952e936f7d8429330e6674652b2fcfb1566,,,,,,2016-10-21,,NMD,,Wyre,Wyre Borough Council,,,local-authority-eng:WYR,,,,,,,,
a878c850cb37f513c60560fcb3865952e936f7d8429330e6674652b2fcfb1566,,,,,,2016-10-21,,NMD,,West Lancashire,West Lancashire Borough Council,,,local-authority-eng:WLA,,,,,,,,
a878c850cb37f513c60560fcb3865952e936f7d8429330e6674652b2fcfb1566,,,,,,2016-10-21,,NMD,,South Ribble,South Ribble Borough Council,,,local-authority-eng:SRI,,,,,,,,
a878c850cb37f513c60560fcb3865952e936f7d8429330e6674652b2fcfb1566,,,,,,2016-10-21,,NMD,,Rossendale,Rossendale Borough Council,,,local-authority-eng:ROS,,,,,,,,
a878c850cb37f513c60560fcb3865952e936f7d8429330e6674652b2fcfb1566,,,,,,2016-10-21,,NMD,,Ribble Valley,Ribble Valley Borough Council,,,local-authority-eng:RIB,,,,,,,,
a878c850cb37f513c60560fcb3865952e936f7d8429330e6674652b2fcfb1566,,,,,,2016-10-21,,NMD,,Preston,Preston City Council,,,local-authority-eng:PRE,,,,,,,,
a878c850cb37f513c60560fcb3865952e936f7d8429330e6674652b2fcfb1566,,,,,,2016-10-21,,NMD,,Pendle,Pendle Borough Council,,,local-authority-eng:PEN,,,,,,,,
a878c850cb37f513c60560fcb3865952e936f7d8429330e6674652b2fcfb1566,,,,,,2016-10-21,,NMD,,Lancaster,Lancaster City Council,,,local-authority-eng:LAC,,,,,,,,
a878c850cb37f513c60560fcb3865952e936f7d8429330e6674652b2fcfb1566,,,,,,2016-10-21,,NMD,,Hyndburn,Hyndburn Borough Council,,,local-authority-eng:HYN,,,,,,,,
a878c850cb37f513c60560fcb3865952e936f7d8429330e6674652b2fcfb1566,,,,,,2016-10-21,,NMD,,Fylde,Fylde Borough Council,,,local-authority-eng:FYL,,,,,,,,
a878c850cb37f513c60560fcb3865952e936f7d8429330e6674652b2fcfb1566,,,,,,2016-10-21,,NMD,,Chorley,Chorley Borough Council,,,local-authority-eng:CHO,,,,,,,,
a878c850cb37f513c60560fcb3865952e936f7d8429330e6674652b2fcfb1566,,,,,,2016-10-21,,NMD,,Burnley,Burnley Borough Council,,,local-authority-eng:BUN,,,,,,,,
a878c850cb37f513c60560fcb3865952e936f7d8429330e6674652b2fcfb1566,,,,,,2016-10-21,,CTY,,Lancashire,Lancashire County Council,,,local-authority-eng:LAN,,,,,,,,
a878c850cb37f513c60560fcb3865952e936f7d8429330e6674652b2fcfb1566,,,,,,2016-10-21,,NMD,,Tunbridge Wells,Tunbridge Wells Borough Council,,,local-authority-eng:TUN,,,,,,,,
a878c850cb37f513c60560fcb3865952e936f7d8429330e6674652b2fcfb1566,,,,,,2016-10-21,,NMD,,Tonbridge and Malling,Tonbridge and Malling Borough Council,,,local-authority-eng:TON,,,,,,,,
a878c850cb37f513c60560fcb3865952e936f7d8429330e6674652b2fcfb1566,,,,,,2016-10-21,,NMD,,Thanet,Thanet District Council,,,local-authority-eng:THA,,,,,,,,
a878c850cb37f513c60560fcb3865952e936f7d8429330e6674652b2fcfb1566,,,,,,2016-10-21,,NMD,,Swale,Swale Borough Council,,,local-authority-eng:SWL,,,,,,,,
a878c850cb37f513c60560fcb3865952e936f7d8429330e6674652b2fcfb1566,,,,,,2016-10-21,,NMD,,Sevenoaks,Sevenoaks District Council,,,local-authority-eng:SEV,,,,,,,,
a878c850cb37f513c60560fcb3865952e936f7d8429330e6674652b2fcfb1566,,,,,,2016-10-21,,NMD,,Maidstone,Maidstone Borough Council,,,local-authority-eng:MAI,,,,,,,,
a878c850cb37f513c60560fcb3865952e936f7d8429330e6674652b2fcfb1566,,,,,,2016-10-21,,NMD,,Gravesham,Gravesham Borough Council,,,local-authority-eng:GRA,,,,,,,,
a878c850cb37f513c60560fcb3865952e936f7d8429330e6674652b2fcfb1566,,,,,,2016-10-21,,NMD,,Dover,Dover District Council,,,local-authority-eng:DOV,,,,,,,,
a878c850cb37f513c60560fcb3865952e936f7d8429330e6674652b2fcfb1566,,,,,,2016-10-21,,NMD,,Dartford,Dartford Borough Council,,,local-authority-eng:DAR,,,,,,,,
a878c850cb37f513c60560fcb3865952e936f7d8429330e6674652b2fcfb1566,,,,,,2016-10-21,,NMD,,Canterbury,Canterbury City Council,,,local-authority-eng:CAT,,,,,,,,
a878c850cb37f513c60560fcb3865952e936f7d8429330e6674652b2fcfb1566,,,,,,2016-10-21,,NMD,,Ashford,Ashford Borough Council,,,local-authority-eng:ASF,,,,,,,,
a878c850cb37f513c60560fcb3865952e936f7d8429330e6674652b2fcfb1566,,,,,,2016-10-21,,CTY,,Kent,Kent County Council,,,local-authority-eng:KEN,,,,,,,,
a878c850cb37f513c60560fcb3865952e936f7d8429330e6674652b2fcfb1566,,,,,,2016-10-21,,NMD,,Welwyn Hatfield,Welwyn Hatfield Borough Council,,,local-authority-eng:WEW,,,,,,,,
a878c850cb37f513c60560fcb3865952e936f7d8429330e6674652b2fcfb1566,,,,,,2016-10-21,,NMD,,Watford,Watford Borough Council,,,local-authority-eng:WAT,,,,,,,,
a878c850cb37f513c60560fcb3865952e936f7d8429330e6674652b2fcfb1566,,,,,,2016-10-21,,NMD,,Three Rivers,Three Rivers District Council,,,local-authority-eng:THE,,,,,,,,
a878c850cb37f513c60560fcb3865952e936f7d8429330e6674652b2fcfb1566,,,,,,2016-10-21,,NMD,,Stevenage,Stevenage Borough Council,,,local-authority-eng:STV,,,,,,,,
a878c850cb37f513c60560fcb3865952e936f7d8429330e6674652b2fcfb1566,,,,,,2016-10-21,,NMD,,St Albans,St Albans City and District Council,,,local-authority-eng:SAL,,,,,,,,
a878c850cb37f513c60560fcb3865952e936f7d8429330e6674652b2fcfb1566,,,,,,2016-10-21,,NMD,,North Hertfordshire,North Hertfordshire District Council,,,local-authority-eng:NHE,,,,,,,,
a878c850cb37f513c60560fcb3865952e936f7d8429330e6674652b2fcfb1566,,,,,,2016-10-21,,NMD,,Hertsmere,Hertsmere Borough Council,,,local-authority-eng:HER,,,,,,,,
a878c850cb37f513c60560fcb3865952e936f7d8429330e6674652b2fcfb1566,,,,,,2016-10-21,,NMD,,East Hertfordshire,East Hertfordshire District Council,,,local-authority-eng:EHE,,,,,,,,
a878c850cb37f513c60560fcb3865952e936f7d8429330e6674652b2fcfb1566,,,,,,2016-10-21,,NMD,,Dacorum,Dacorum Borough Council,,,local-authority-eng:DAC,,,,,,,,
a878c850cb37f513c60560fcb3865952e936f7d8429330e6674652b2fcfb1566,,,,,,2016-10-21,,NMD,,Broxbourne,Broxbourne Borough Council,,,local-authority-eng:BRX,,,,,,,,
a878c850cb37f513c60560fcb3865952e936f7d8429330e6674652b2fcfb1566,,,,,,2016-10-21,,CTY,,Hertfordshire,Hertfordshire County Council,,,local-authority-eng:HRT,,,,,,,,
a878c850cb37f513c60560fcb3865952e936f7d8429330e6674652b2fcfb1566,,,,,,2016-10-21,,NMD,,Winchester,Winchester City Council,,,local-authority-eng:WIN,,,,,,,,
a878c850cb37f513c60560fcb3865952e936f7d8429330e6674652b2fcfb1566,,,,,,2016-10-21,,NMD,,Test Valley,Test Valley Borough Council,,,local-authority-eng:TES,,,,,,,,
a878c850cb37f513c60560fcb3865952e936f7d8429330e6674652b2fcfb1566,,,,,,2016-10-21,,NMD,,Rushmoor,Rushmoor Borough Council,,,local-authority-eng:RUH,,,,,,,,
a878c850cb37f513c60560fcb3865952e936f7d8429330e6674652b2fcfb1566,,,,,,2016-10-21,,NMD,,New Forest,New Forest District Council,,,local-authority-eng:NEW,,,,,,,,
a878c850cb37f513c60560fcb3865952e936f7d8429330e6674652b2fcfb1566,,,,,,2016-10-21,,NMD,,Havant,Havant Borough Council,,,local-authority-eng:HAA,,,,,,,,
a878c850cb37f513c60560fcb3865952e936f7d8429330e6674652b2fcfb1566,,,,,,2016-10-21,,NMD,,Hart,Hart District Council,,,local-authority-eng:HAT,,,,,,,,
a878c850cb37f513c60560fcb3865952e936f7d8429330e6674652b2fcfb1566,,,,,,2016-10-21,,NMD,,Gosport,Gosport Borough Council,,,local-authority-eng:GOS,,,,,,,,
a878c850cb37f513c60560fcb3865952e936f7d8429330e6674652b2fcfb1566,,,,,,2016-10-21,,NMD,,Fareham,Fareham Borough Council,,,local-authority-eng:FAR,,,,,,,,
a878c850cb37f513c60560fcb3865952e936f7d8429330e6674652b2fcfb1566,,,,,,2016-10-21,,NMD,,Eastleigh,Eastleigh Borough Council,,,local-authority-eng:EAT,,,,,,,,
a878c850cb37f513c60560fcb3865952e936f7d8429330e6674652b2fcfb1566,,,,,,2016-10-21,,NMD,,East Hampshire,East Hampshire District Council,,,local-authority-eng:EHA,,,,,,,,
a878c850cb37f513c60560fcb3865952e936f7d8429330e6674652b2fcfb1566,,,,,,2016-10-21,,NMD,,Basingstoke and Deane,Basingstoke and Deane Borough Council,,,local-authority-eng:BAN,,,,,,,,
a878c850cb37f513c60560fcb3865952e936f7d8429330e6674652b2fcfb1566,,,,,,2016-10-21,,CTY,,Hampshire,Hampshire County Council,,,local-authority-eng:HAM,,,,,,,,
a878c850cb37f513c60560fcb3865952e936f7d8429330e6674652b2fcfb1566,,,,,,2016-10-21,,NMD,,Tewkesbury,Tewkesbury Borough Council,,,local-authority-eng:TEW,,,,,,,,
a878c850cb37f513c60560fcb3865952e936f7d8429330e6674652b2fcfb1566,,,,,,2016-10-21,,NMD,,Stroud,Stroud District Council,,,local-authority-eng:STO,,,,,,,,
a878c850cb37f513c60560fcb3865952e936f7d8429330e6674652b2fcfb1566,,,,,,2016-10-21,,NMD,,Gloucester,Gloucester City Council,,,local-authority-eng:GLO,,,,,,,,
a878c850cb37f513c60560fcb3865952e936f7d8429330e6674652b2fcfb1566,,,,,,2016-10-21,,NMD,,Forest of Dean,Forest of Dean District Council,,,local-authority-eng:FOE,,,,,,,,
a878c850cb37f513c60560fcb3865952e936f7d8429330e6674652b2fcfb1566,,,,,,2016-10-21,,NMD,,Cotswold,Cotswold District Council,,,local-authority-eng:COT,,,,,,,,
a878c850cb37f513c60560fcb3865952e936f7d8429330e6674652b2fcfb1566,,,,,,2016-10-21,,NMD,,Cheltenham,Cheltenham Borough Council,,,local-authority-eng:CHT,,,,,,,,
a878c850cb37f513c60560fcb3865952e936f7d8429330e6674652b2fcfb1566,,,,,,2016-10-21,,CTY,,Gloucestershire,Gloucestershire County Council,,,local-authority-eng:GLS,,,,,,,,
a878c850cb37f513c60560fcb3865952e936f7d8429330e6674652b2fcfb1566,,,,,,2016-10-21,,LBO,,Westminster,City of Westminster,,,local-authority-eng:WSM,,,,,,,,
a878c850cb37f513c60560fcb3865952e936f7d8429330e6674652b2fcfb1566,,,,,,2016-10-21,,LBO,,Wandsworth,London Borough of Wandsworth,,,local-authority-eng:WND,,,,,,,,
a878c850cb37f513c60560fcb3865952e936f7d8429330e6674652b2fcfb1566,,,,,,2016-10-21,,LBO,,Waltham Forest,London Borough of Waltham Forest,,,local-authority-eng:WFT,,,,,,,,
a878c850cb37f513c60560fcb3865952e936f7d8429330e6674652b2fcfb1566,,,,,,2016-10-21,,LBO,,Tower Hamlets,London Borough of Tower Hamlets,,,local-authority-eng:TWH,,,,,,,,
a878c850cb37f513c60560fcb3865952e936f7d8429330e6674652b2fcfb1566,,,,,,2016-10-21,,LBO,,Southwark,London Borough of Southwark,,,local-authority-eng:SWK,,,,,,,,
a878c850cb37f513c60560fcb3865952e936f7d8429330e6674652b2fcfb1566,,,,,,2016-10-21,,LBO,,Sutton,London Borough of Sutton,,,local-authority-eng:STN,,,,,,,,
a878c850cb37f513c60560fcb3865952e936f7d8429330e6674652b2fcfb1566,,,,,,2016-10-21,,LBO,,Richmond upon Thames,London Borough of Richmond upon Thames,,,local-authority-eng:RIC,,,,,,,,
a878c850cb37f513c60560fcb3865952e936f7d8429330e6674652b2fcfb1566,,,,,,2016-10-21,,LBO,,Redbridge,London Borough of Redbridge,,,local-authority-eng:RDB,,,,,,,,
a878c850cb37f513c60560fcb3865952e936f7d8429330e6674652b2fcfb1566,,,,,,2016-10-21,,LBO,,Newham,London Borough of Newham,,,local-authority-eng:NWM,,,,,,,,
a878c850cb37f513c60560fcb3865952e936f7d8429330e6674652b2fcfb1566,,,,,,2016-10-21,,LBO,,Merton,London Borough of Merton,,,local-authority-eng:MRT,,,,,,,,
a878c850cb37f513c60560fcb3865952e936f7d8429330e6674652b2fcfb1566,,,,,,2016-10-21,,LBO,,Lewisham,London Borough of Lewisham,,,local-authority-eng:LEW,,,,,,,,
a878c850cb37f513c60560fcb3865952e936f7d8429330e6674652b2fcfb1566,,,,,,2016-10-21,,LBO,,Lambeth,London Borough of Lambeth,,,local-authority-eng:LBH,,,,,,,,
a878c850cb37f513c60560fcb3865952e936f7d8429330e6674652b2fcfb1566,,,,,,2016-10-21,,LBO,,Kingston upon Thames,Royal Borough of Kingston upon Thames,,,local-authority-eng:KTT,,,,,,,,
a878c850cb37f513c60560fcb3865952e936f7d8429330e6674652b2fcfb1566,,,,,,2016-10-21,,LBO,,Kensington and Chelsea,Royal Borough of Kensington and Chelsea,,,local-authority-eng:KEC,,,,,,,,
a878c850cb37f513c60560fcb3865952e936f7d8429330e6674652b2fcfb1566,,,,,,2016-10-21,,LBO,,Islington,London Borough of Islington,,,local-authority-eng:ISL,,,,,,,,
a878c850cb37f513c60560fcb3865952e936f7d8429330e6674652b2fcfb1566,,,,,,2016-10-21,,LBO,,Haringey,London Borough of Haringey,,,local-authority-eng:HRY,,,,,,,,
a878c850cb37f513c60560fcb3865952e936f7d8429330e6674652b2fcfb1566,,,,,,2016-10-21,,LBO,,Harrow,London Borough of Harrow,,,local-authority-eng:HRW,,,,,,,,
a878c850cb37f513c60560fcb3865952e936f7d8429330e6674652b2fcfb1566,,,,,,2016-10-21,,LBO,,Hounslow,London Borough of Hounslow,,,local-authority-eng:HNS,,,,,,,,
a878c850cb37f513c60560fcb3865952e936f7d8429330e6674652b2fcfb1566,,,,,,2016-10-21,,LBO,,Hammersmith and Fulham,London Borough of Hammersmith & Fulham,,,local-authority-eng:HMF,,,,,,,,
a878c850cb37f513c60560fcb3865952e936f7d8429330e6674652b2fcfb1566,,,,,,2016-10-21,,LBO,,Hillingdon,London Borough of Hillingdon,,,local-authority-eng:HIL,,,,,,,,
a878c850cb37f513c60560fcb3865952e936f7d8429330e6674652b2fcfb1566,,,,,,2016-10-21,,LBO,,Hackney,London Borough of Hackney,,,local-authority-eng:HCK,,,,,,,,
a878c850cb37f513c60560fcb3865952e936f7d8429330e6674652b2fcfb1566,,,,,,2016-10-21,,LBO,,Havering,London Borough of Havering,,,local-authority-eng:HAV,,,,,,,,
a878c850cb37f513c60560fcb3865952e936f7d8429330e6674652b2fcfb1566,,,,,,2016-10-21,,LBO,,Greenwich,Royal Borough of Greenwich,,,local-authority-eng:GRE,,,,,,,,
a878c850cb37f513c60560fcb3865952e936f7d8429330e6674652b2fcfb1566,,,,,,2016-10-21,,LBO,,Enfield,London Borough of Enfield,,,local-authority-eng:ENF,,,,,,,,
a878c850cb37f513c60560fcb3865952e936f7d8429330e6674652b2fcfb1566,,,,,,2016-10-21,,LBO,,Ealing,London Borough of Ealing,,,local-authority-eng:EAL,,,,,,,,
a878c850cb37f513c60560fcb3865952e936f7d8429330e6674652b2fcfb1566,,,,,,2016-10-21,,LBO,,Croydon,London Borough of Croydon,,,local-authority-eng:CRY,,,,,,,,
a878c850cb37f513c60560fcb3865952e936f7d8429330e6674652b2fcfb1566,,,,,,2016-10-21,,LBO,,Camden,London Borough of Camden,,,local-authority-eng:CMD,,,,,,,,
a878c850cb37f513c60560fcb3865952e936f7d8429330e6674652b2fcfb1566,,,,,,2016-10-21,,LBO,,Bromley,London Borough of Bromley,,,local-authority-eng:BRY,,,,,,,,
a878c850cb37f513c60560fcb3865952e936f7d8429330e6674652b2fcfb1566,,,,,,2016-10-21,,LBO,,Barnet,London Borough of Barnet,,,local-authority-eng:BNE,,,,,,,,
a878c850cb37f513c60560fcb3865952e936f7d8429330e6674652b2fcfb1566,,,,,,2016-10-21,,LBO,,Bexley,London Borough of Bexley,,,local-authority-eng:BEX,,,,,,,,
a878c850cb37f513c60560fcb3865952e936f7d8429330e6674652b2fcfb1566,,,,,,2016-10-21,,LBO,,Brent,London Borough of Brent,,,local-authority-eng:BEN,,,,,,,,
a878c850cb37f513c60560fcb3865952e936f7d8429330e6674652b2fcfb1566,,,,,,2016-10-21,,LBO,,Barking and Dagenham,London Borough of Barking and Dagenham,,,local-authority-eng:BDG,,,,,,,,
a878c850cb37f513c60560fcb3865952e936f7d8429330e6674652b2fcfb1566,,,,,,2016-10-21,,NMD,,Wealden,Wealden District Council,,,local-authority-eng:WEA,,,,,,,,
a878c850cb37f513c60560fcb3865952e936f7d8429330e6674652b2fcfb1566,,,,,,2016-10-21,,NMD,,Rother,Rother District Council,,,local-authority-eng:ROH,,,,,,,,
a878c850cb37f513c60560fcb3865952e936f7d8429330e6674652b2fcfb1566,,,,,,2016-10-21,,NMD,,Lewes,Lewes District Council,,,local-authority-eng:LEE,,,,,,,,
a878c850cb37f513c60560fcb3865952e936f7d8429330e6674652b2fcfb1566,,,,,,2016-10-21,,NMD,,Hastings,Hastings Borough Council,,,local-authority-eng:HAS,,,,,,,,
a878c850cb37f513c60560fcb3865952e936f7d8429330e6674652b2fcfb1566,,,,,,2016-10-21,,NMD,,Eastbourne,Eastbourne Borough Council,,,local-authority-eng:EAS,,,,,,,,
a878c850cb37f513c60560fcb3865952e936f7d8429330e6674652b2fcfb1566,,,,,,2016-10-21,,CTY,,East Sussex,East Sussex County Council,,,local-authority-eng:ESX,,,,,,,,
a878c850cb37f513c60560fcb3865952e936f7d8429330e6674652b2fcfb1566,,,,,,2016-10-21,,NMD,,Uttlesford,Uttlesford District Council,,,local-authority-eng:UTT,,,,,,,,
a878c850cb37f513c60560fcb3865952e936f7d8429330e6674652b2fcfb1566,,,,,,2016-10-21,,NMD,,Tendring,Tendring District Council,,,local-authority-eng:TEN,,,,,,,,
a878c850cb37f513c60560fcb3865952e936f7d8429330e6674652b2fcfb1566,,,,,,2016-10-21,,NMD,,Rochford,Rochford District Council,,,local-authority-eng:ROC,,,,,,,,
a878c850cb37f513c60560fcb3865952e936f7d8429330e6674652b2fcfb1566,,,,,,2016-10-21,,NMD,,Maldon,Maldon District Council,,,local-authority-eng:MAL,,,,,,,,
a878c850cb37f513c60560fcb3865952e936f7d8429330e6674652b2fcfb1566,,,,,,2016-10-21,,NMD,,Harlow,Harlow District Council,,,local-authority-eng:HAR,,,,,,,,
a878c850cb37f513c60560fcb3865952e936f7d8429330e6674652b2fcfb1566,,,,,,2016-10-21,,NMD,,Epping Forest,Epping Forest District Council,,,local-authority-eng:EPP,,,,,,,,
a878c850cb37f513c60560fcb3865952e936f7d8429330e6674652b2fcfb1566,,,,,,2016-10-21,,NMD,,Colchester,Colchester Borough Council,,,local-authority-eng:COL,,,,,,,,
a878c850cb37f513c60560fcb3865952e936f7d8429330e6674652b2fcfb1566,,,,,,2016-10-21,,NMD,,Chelmsford,Chelmsford City Council,,,local-authority-eng:CHL,,,,,,,,
a878c850cb37f513c60560fcb3865952e936f7d8429330e6674652b2fcfb1566,,,,,,2016-10-21,,NMD,,Castle Point,Castle Point Borough Council,,,local-authority-eng:CAS,,,,,,,,
a878c850cb37f513c60560fcb3865952e936f7d8429330e6674652b2fcfb1566,,,,,,2016-10-21,,NMD,,Brentwood,Brentwood Borough Council,,,local-authority-eng:BRW,,,,,,,,
a878c850cb37f513c60560fcb3865952e936f7d8429330e6674652b2fcfb1566,,,,,,2016-10-21,,NMD,,Braintree,Braintree District Council,,,local-authority-eng:BRA,,,,,,,,
a878c850cb37f513c60560fcb3865952e936f7d8429330e6674652b2fcfb1566,,,,,,2016-10-21,,NMD,,Basildon,Basildon Borough Council,,,local-authority-eng:BAI,,,,,,,,
a878c850cb37f513c60560fcb3865952e936f7d8429330e6674652b2fcfb1566,,,,,,2016-10-21,,CTY,,Essex,Essex County Council,,,local-authority-eng:ESS,,,,,,,,
a878c850cb37f513c60560fcb3865952e936f7d8429330e6674652b2fcfb1566,,,,,,2016-10-21,,NMD,,West Devon,West Devon Borough Council,,,local-authority-eng:WDE,,,,,,,,
a878c850cb37f513c60560fcb3865952e936f7d8429330e6674652b2fcfb1566,,,,,,2016-10-21,,NMD,,Torridge,Torridge District Council,,,local-authority-eng:TOR,,,,,,,,
a878c850cb37f513c60560fcb3865952e936f7d8429330e6674652b2fcfb1566,,,,,,2016-10-21,,NMD,,Teignbridge,Teignbridge District Council,,,local-authority-eng:TEI,,,,,,,,
a878c850cb37f513c60560fcb3865952e936f7d8429330e6674652b2fcfb1566,,,,,,2016-10-21,,NMD,,South Hams,South Hams District Council,,,local-authority-eng:SHA,,,,,,,,
a878c850cb37f513c60560fcb3865952e936f7d8429330e6674652b2fcfb1566,,,,,,2016-10-21,,NMD,,North Devon,North Devon District Council,,,local-authority-eng:NDE,,,,,,,,
a878c850cb37f513c60560fcb3865952e936f7d8429330e6674652b2fcfb1566,,,,,,2016-10-21,,NMD,,Mid Devon,Mid Devon District Council,,,local-authority-eng:MDE,,,,,,,,
a878c850cb37f513c60560fcb3865952e936f7d8429330e6674652b2fcfb1566,,,,,,2016-10-21,,NMD,,Exeter,Exeter City Council,,,local-authority-eng:EXE,,,,,,,,
a878c850cb37f513c60560fcb3865952e936f7d8429330e6674652b2fcfb1566,,,,,,2016-10-21,,NMD,,East Devon,East Devon District Council,,,local-authority-eng:EDE,,,,,,,,
a878c850cb37f513c60560fcb3865952e936f7d8429330e6674652b2fcfb1566,,,,,,2016-10-21,,CTY,,Devon,Devon County Council,,,local-authority-eng:DEV,,,,,,,,
a878c850cb37f513c60560fcb3865952e936f7d8429330e6674652b2fcfb1566,,,,,,2016-10-21,,NMD,,South Derbyshire,South Derbyshire District Council,,,local-authority-eng:SDE,,,,,,,,
a878c850cb37f513c60560fcb3865952e936f7d8429330e6674652b2fcfb1566,,,,,,2016-10-21,,NMD,,North East Derbyshire,North East Derbyshire District Council,,,local-authority-eng:NED,,,,,,,,
a878c850cb37f513c60560fcb3865952e936f7d8429330e6674652b2fcfb1566,,,,,,2016-10-21,,NMD,,High Peak,High Peak Borough Council,,,local-authority-eng:HIG,,,,,,,,
a878c850cb37f513c60560fcb3865952e936f7d8429330e6674652b2fcfb1566,,,,,,2016-10-21,,NMD,,Erewash,Erewash Borough Council,,,local-authority-eng:ERE,,,,,,,,
a878c850cb37f513c60560fcb3865952e936f7d8429330e6674652b2fcfb1566,,,,,,2016-10-21,,NMD,,Derbyshire Dales,Derbyshire Dales District Council,,,local-authority-eng:DEB,,,,,,,,
a878c850cb37f513c60560fcb3865952e936f7d8429330e6674652b2fcfb1566,,,,,,2016-10-21,,NMD,,Chesterfield,Chesterfield Borough Council,,,local-authority-eng:CHS,,,,,,,,
a878c850cb37f513c60560fcb3865952e936f7d8429330e6674652b2fcfb1566,,,,,,2016-10-21,,NMD,,Bolsover,Bolsover District Council,,,local-authority-eng:BOS,,,,,,,,
a878c850cb37f513c60560fcb3865952e936f7d8429330e6674652b2fcfb1566,,,,,,2016-10-21,,NMD,,Amber Valley,Amber Valley Borough Council,,,local-authority-eng:AMB,,,,,,,,
a878c850cb37f513c60560fcb3865952e936f7d8429330e6674652b2fcfb1566,,,,,,2016-10-21,,CTY,,Derbyshire,Derbyshire County Council,,,local-authority-eng:DBY,,,,,,,,
a878c850cb37f513c60560fcb3865952e936f7d8429330e6674652b2fcfb1566,,,,,,2016-10-21,,UA,,Derby,Derby City Council,,,local-authority-eng:DER,,,,,,,,
a878c850cb37f513c60560fcb3865952e936f7d8429330e6674652b2fcfb1566,,,,,,2016-10-21,,NMD,,South Lakeland,South Lakeland District Council,,,local-authority-eng:SLA,,,,,,,,
a878c850cb37f513c60560fcb3865952e936f7d8429330e6674652b2fcfb1566,,,,,,2016-10-21,,NMD,,Eden,Eden District Council,,,local-authority-eng:EDN,,,,,,,,
a878c850cb37f513c60560fcb3865952e936f7d8429330e6674652b2fcfb1566,,,,,,2016-10-21,,NMD,,Copeland,Copeland Borough Council,,,local-authority-eng:COP,,,,,,,,
a878c850cb37f513c60560fcb3865952e936f7d8429330e6674652b2fcfb1566,,,,,,2016-10-21,,NMD,,Carlisle,Carlisle City Council,,,local-authority-eng:CAR,,,,,,,,
a878c850cb37f513c60560fcb3865952e936f7d8429330e6674652b2fcfb1566,,,,,,2016-10-21,,NMD,,Barrow-in-Furness,Barrow-in-Furness Borough Council,,,local-authority-eng:BAR,,,,,,,,
a878c850cb37f513c60560fcb3865952e936f7d8429330e6674652b2fcfb1566,,,,,,2016-10-21,,NMD,,Allerdale,Allerdale Borough Council,,,local-authority-eng:ALL,,,,,,,,
a878c850cb37f513c60560fcb3865952e936f7d8429330e6674652b2fcfb1566,,,,,,2016-10-21,,CTY,,Cumbria,Cumbria County Council,,,local-authority-eng:CMA,,,,,,,,
a878c850cb37f513c60560fcb3865952e936f7d8429330e6674652b2fcfb1566,,,,,,2016-10-21,,NMD,,South Cambridgeshire,South Cambridgeshire District Council,,,local-authority-eng:SCA,,,,,,,,
a878c850cb37f513c60560fcb3865952e936f7d8429330e6674652b2fcfb1566,,,,,,2016-10-21,,NMD,,Huntingdonshire,Huntingdonshire District Council,,,local-authority-eng:HUN,,,,,,,,
a878c850cb37f513c60560fcb3865952e936f7d8429330e6674652b2fcfb1566,,,,,,2016-10-21,,NMD,,Fenland,Fenland District Council,,,local-authority-eng:FEN,,,,,,,,
a878c850cb37f513c60560fcb3865952e936f7d8429330e6674652b2fcfb1566,,,,,,2016-10-21,,NMD,,East Cambridgeshire,East Cambridgeshire District Council,,,local-authority-eng:ECA,,,,,,,,
a878c850cb37f513c60560fcb3865952e936f7d8429330e6674652b2fcfb1566,,,,,,2016-10-21,,NMD,,Cambridge,Cambridge City Council,,,local-authority-eng:CAB,,,,,,,,
a878c850cb37f513c60560fcb3865952e936f7d8429330e6674652b2fcfb1566,,,,,,2016-10-21,,CTY,,Cambridgeshire,Cambridgeshire County Council,,,local-authority-eng:CAM,,,,,,,,
a878c850cb37f513c60560fcb3865952e936f7d8429330e6674652b2fcfb1566,,,,,,2016-10-21,,UA,,York,City of York Council,,,local-authority-eng:YOR,,,1905-06-18,,,,,
a878c850cb37f513c60560fcb3865952e936f7d8429330e6674652b2fcfb1566,,,,,,2016-10-21,,UA,,Warrington,Warrington Borough Council,,,local-authority-eng:WRT,,,1905-06-20,,,,,
a878c850cb37f513c60560fcb3865952e936f7d8429330e6674652b2fcfb1566,,,,,,2016-10-21,,MD,,Wirral,Wirral Borough Council,,,local-authority-eng:WRL,,,1974-04-01,,,,,
a878c850cb37f513c60560fcb3865952e936f7d8429330e6674652b2fcfb1566,,,,,,2016-10-21,,UA,,Wokingham,Wokingham Borough Council,,,local-authority-eng:WOK,,,1905-06-20,,,,,
a878c850cb37f513c60560fcb3865952e936f7d8429330e6674652b2fcfb1566,,,,,,2016-10-21,,UA,,Windsor and Maidenhead,Royal Borough of Windsor and Maidenhead,,,local-authority-eng:WNM,,,1905-06-20,,,,,
a878c850cb37f513c60560fcb3865952e936f7d8429330e6674652b2fcfb1566,,,,,,2016-10-21,,MD,,Wolverhampton,City of Wolverhampton Council,,,local-authority-eng:WLV,,,1974-04-01,,,,,
a878c850cb37f513c60560fcb3865952e936f7d8429330e6674652b2fcfb1566,,,,,,2016-10-21,,MD,,Walsall,Walsall Metropolitan Borough Council,,,local-authority-eng:WLL,,,1974-04-01,,,,,
a878c850cb37f513c60560fcb3865952e936f7d8429330e6674652b2fcfb1566,,,,,,2016-10-21,,MD,,Wakefield,Wakefield Metropolitan District Council,,,local-authority-eng:WKF,,,1974-04-01,,,,,
a878c850cb37f513c60560fcb3865952e936f7d8429330e6674652b2fcfb1566,,,,,,2016-10-21,,UA,,Wiltshire,Wiltshire Council,,,local-authority-eng:WIL,,,2009-04-01,,,,,
a878c850cb37f513c60560fcb3865952e936f7d8429330e6674652b2fcfb1566,,,,,,2016-10-21,,MD,,Wigan,Wigan Metropolitan Borough Council,,,local-authority-eng:WGN,,,1974-04-01,,,,,
a878c850cb37f513c60560fcb3865952e936f7d8429330e6674652b2fcfb1566,,,,,,2016-10-21,,UA,,West Berkshire,West Berkshire Council,,,local-authority-eng:WBK,,,1905-06-20,,,,,
a878c850cb37f513c60560fcb3865952e936f7d8429330e6674652b2fcfb1566,,,,,,2016-10-21,,MD,,Trafford,Trafford Metropolitan Borough Council,,,local-authority-eng:TRF,,,1974-04-01,,,,,
a878c850cb37f513c60560fcb3865952e936f7d8429330e6674652b2fcfb1566,,,,,,2016-10-21,,UA,,Torbay,Torbay Council,,,local-authority-eng:TOB,,,1905-06-20,,,,,
a878c850cb37f513c60560fcb3865952e936f7d8429330e6674652b2fcfb1566,,,,,,2016-10-21,,UA,,Thurrock,Thurrock Council,,,local-authority-eng:THR,,,1905-06-20,,,,,
a878c850cb37f513c60560fcb3865952e936f7d8429330e6674652b2fcfb1566,,,,,,2016-10-21,,UA,,Telford and Wrekin,Telford & Wrekin Council,,,local-authority-eng:TFW,,,1905-06-20,,,,,
a878c850cb37f513c60560fcb3865952e936f7d8429330e6674652b2fcfb1566,,,,,,2016-10-21,,MD,,Tameside,Tameside Metropolitan Borough Council,,,local-authority-eng:TAM,,,1974-04-01,,,,,
a878c850cb37f513c60560fcb3865952e936f7d8429330e6674652b2fcfb1566,,,,,,2016-10-21,,UA,,Swindon,Swindon Borough Council,,,local-authority-eng:SWD,,,1905-06-20,,,,,
a878c850cb37f513c60560fcb3865952e936f7d8429330e6674652b2fcfb1566,,,,,,2016-10-21,,MD,,South Tyneside,South Tyneside Council,,,local-authority-eng:STY,,,1974-04-01,,,,,
a878c850cb37f513c60560fcb3865952e936f7d8429330e6674652b2fcfb1566,,,,,,2016-10-21,,UA,,Stockton-on-Tees,Stockton-on-Tees Borough Council,,,local-authority-eng:STT,,,1905-06-18,,,,,
a878c850cb37f513c60560fcb3865952e936f7d8429330e6674652b2fcfb1566,,,,,,2016-10-21,,UA,,Southampton,Southampton City Council,,,local-authority-eng:STH,,,1905-06-19,,,,,
a878c850cb37f513c60560fcb3865952e936f7d8429330e6674652b2fcfb1566,,,,,,2016-10-21,,UA,,Stoke-on-Trent,Stoke-on-Trent City Council,,,local-authority-eng:STE,,,1905-06-20,,,,,
a878c850cb37f513c60560fcb3865952e936f7d8429330e6674652b2fcfb1566,,,,,,2016-10-21,,UA,,Southend-on-Sea,Southend-on-Sea Borough Council,,,local-authority-eng:SOS,,,1905-06-20,,,,,
a878c850cb37f513c60560fcb3865952e936f7d8429330e6674652b2fcfb1566,,,,,,2016-10-21,,MD,,Solihull,Solihull Metropolitan Borough Council,,,local-authority-eng:SOL,,,1905-05-27,,,,,
a878c850cb37f513c60560fcb3865952e936f7d8429330e6674652b2fcfb1566,,,,,,2016-10-21,,MD,,Sunderland,Sunderland City Council,,,local-authority-eng:SND,,,1905-05-27,,,,,
a878c850cb37f513c60560fcb3865952e936f7d8429330e6674652b2fcfb1566,,,,,,2016-10-21,,UA,,Slough,Slough Borough Council,,,local-authority-eng:SLG,,,1998-04-01,,,,,
a878c850cb37f513c60560fcb3865952e936f7d8429330e6674652b2fcfb1566,,,,,,2016-10-21,,MD,,Salford,Salford City Council,,,local-authority-eng:SLF,,,1905-05-27,,,,,
a878c850cb37f513c60560fcb3865952e936f7d8429330e6674652b2fcfb1566,,,,,,2016-10-21,,MD,,Stockport,Stockport Metropolitan Borough Council,,,local-authority-eng:SKP,,,1905-05-27,,,,,
a878c850cb37f513c60560fcb3865952e936f7d8429330e6674652b2fcfb1566,,,,,,2016-10-21,,UA,,Shropshire,Shropshire Council,,,local-authority-eng:SHR,,,2009-04-01,,,,,
a878c850cb37f513c60560fcb3865952e936f7d8429330e6674652b2fcfb1566,,,,,,2016-10-21,,MD,,St. Helens,St Helens Council,,,local-authority-eng:SHN,,,1905-06-08,,,,,
a878c850cb37f513c60560fcb3865952e936f7d8429330e6674652b2fcfb1566,,,,,,2016-10-21,,MD,,Sheffield,Sheffield City Council,,,local-authority-eng:SHF,,,1905-06-08,,,,,
a878c850cb37f513c60560fcb3865952e936f7d8429330e6674652b2fcfb1566,,,,,,2016-10-21,,UA,,South Gloucestershire,South Gloucestershire Council,,,local-authority-eng:SGC,,,1905-06-18,,,,,
a878c850cb37f513c60560fcb3865952e936f7d8429330e6674652b2fcfb1566,,,,,,2016-10-21,,MD,,Sefton,Sefton Metropolitan Borough Council,,,local-authority-eng:SFT,,,1905-06-08,,,,,
a878c850cb37f513c60560fcb3865952e936f7d8429330e6674652b2fcfb1566,,,,,,2016-10-21,,MD,,Sandwell,Sandwell Metropolitan Borough Council,,,local-authority-eng:SAW,,,1905-06-07,,,,,
a878c850cb37f513c60560fcb3865952e936f7d8429330e6674652b2fcfb1566,,,,,,2016-10-21,,UA,,Rutland,Rutland County Council,,,local-authority-eng:RUT,,,1997-04-01,,,,,
a878c850cb37f513c60560fcb3865952e936f7d8429330e6674652b2fcfb1566,,,,,,2016-10-21,,MD,,Rotherham,Rotherham Metropolitan Borough Council,,,local-authority-eng:ROT,,,1905-05-27,,,,,
a878c850cb37f513c60560fcb3865952e936f7d8429330e6674652b2fcfb1566,,,,,,2016-10-21,,UA,,Reading,Reading Borough Council,,,local-authority-eng:RDG,,,1905-05-27,,,,,
a878c850cb37f513c60560fcb3865952e936f7d8429330e6674652b2fcfb1566,,,,,,2016-10-21,,MD,,Rochdale,Rochdale Metropolitan Borough Council,,,local-authority-eng:RCH,,,1905-05-27,,,,,
a878c850cb37f513c60560fcb3865952e936f7d8429330e6674652b2fcfb1566,,,,,,2016-10-21,,UA,,Redcar and Cleveland,Redcar and Cleveland Borough Council,,,local-authority-eng:RCC,,,1996-04-01,,,,,
a878c850cb37f513c60560fcb3865952e936f7d8429330e6674652b2fcfb1566,,,,,,2016-10-21,,UA,,Peterborough,Peterborough City Council,,,local-authority-eng:PTE,,,1905-06-20,,,,,
a878c850cb37f513c60560fcb3865952e936f7d8429330e6674652b2fcfb1566,,,,,,2016-10-21,,UA,,Portsmouth,Portsmouth City Council,,,local-authority-eng:POR,,,1905-06-20,,,,,
a878c850cb37f513c60560fcb3865952e936f7d8429330e6674652b2fcfb1566,,,,,,2016-10-21,,UA,,Plymouth,Plymouth City Council,,,local-authority-eng:PLY,,,1998-04-01,,,,,
a878c850cb37f513c60560fcb3865952e936f7d8429330e6674652b2fcfb1566,,,,,,2016-10-21,,MD,,Oldham,Oldham Metropolitan Borough Council,,,local-authority-eng:OLD,,,1905-06-07,,,,,
a878c850cb37f513c60560fcb3865952e936f7d8429330e6674652b2fcfb1566,,,,,,2016-10-21,,MD,,North Tyneside,North Tyneside Council,,,local-authority-eng:NTY,,,1974-04-01,,,,,
a878c850cb37f513c60560fcb3865952e936f7d8429330e6674652b2fcfb1566,,,,,,2016-10-21,,UA,,North Somerset,North Somerset Council,,,local-authority-eng:NSM,,,1996-04-01,,,,,
a878c850cb37f513c60560fcb3865952e936f7d8429330e6674652b2fcfb1566,,,,,,2016-10-21,,UA,,North Lincolnshire,North Lincolnshire Council,,,local-authority-eng:NLN,,,1996-04-01,,,,,
a878c850cb37f513c60560fcb3865952e936f7d8429330e6674652b2fcfb1566,,,,,,2016-10-21,,UA,,Nottingham,Nottingham City Council,,,local-authority-eng:NGM,,,1905-06-20,,,,,
a878c850cb37f513c60560fcb3865952e936f7d8429330e6674652b2fcfb1566,,,,,,2016-10-21,,MD,,Newcastle upon Tyne,Newcastle City Council,,,local-authority-eng:NET,,,1974-04-01,,,,,
a878c850cb37f513c60560fcb3865952e936f7d8429330e6674652b2fcfb1566,,,,,,2016-10-21,,UA,,North East Lincolnshire,North East Lincolnshire Council,,,local-authority-eng:NEL,,,1996-04-01,,,,,
a878c850cb37f513c60560fcb3865952e936f7d8429330e6674652b2fcfb1566,,,,,,2016-10-21,,UA,,Northumberland,Northumberland County Council,,,local-authority-eng:NBL,,,2009-04-01,,,,,
a878c850cb37f513c60560fcb3865952e936f7d8429330e6674652b2fcfb1566,,,,,,2016-10-21,,UA,,Milton Keynes,Milton Keynes Council,,,local-authority-eng:MIK,,,1905-06-19,,,,,
a878c850cb37f513c60560fcb3865952e936f7d8429330e6674652b2fcfb1566,,,,,,2016-10-21,,UA,,Medway,Medway Council,,,local-authority-eng:MDW,,,1998-04-01,,,,,
a878c850cb37f513c60560fcb3865952e936f7d8429330e6674652b2fcfb1566,,,,,,2016-10-21,,UA,,Middlesbrough,Middlesbrough Borough Council,,,local-authority-eng:MDB,,,1905-06-18,,,,,
a878c850cb37f513c60560fcb3865952e936f7d8429330e6674652b2fcfb1566,,,,,,2016-10-21,,MD,,Manchester,Manchester City Council,,,local-authority-eng:MAN,,,1974-04-01,,,,,
a878c850cb37f513c60560fcb3865952e936f7d8429330e6674652b2fcfb1566,,,,,,2016-10-21,,UA,,Luton,Luton Borough Council,,,local-authority-eng:LUT,,,1905-06-19,,,,,
a878c850cb37f513c60560fcb3865952e936f7d8429330e6674652b2fcfb1566,,,,,,2016-10-21,,MD,,Liverpool,Liverpool City Council,,,local-authority-eng:LIV,,,1905-06-08,,,,,
a878c850cb37f513c60560fcb3865952e936f7d8429330e6674652b2fcfb1566,,,,,,2016-10-21,,MD,,Leeds,Leeds City Council,,,local-authority-eng:LDS,,,1905-06-08,,,,,
a878c850cb37f513c60560fcb3865952e936f7d8429330e6674652b2fcfb1566,,,,,,2016-10-21,,UA,,Leicester,Leicester City Council,,,local-authority-eng:LCE,,,1905-06-19,,,,,
a878c850cb37f513c60560fcb3865952e936f7d8429330e6674652b2fcfb1566,,,,,,2016-10-21,,MD,,Knowsley,Knowsley Metropolitan Borough Council,,,local-authority-eng:KWL,,,1974-04-01,,,,,
a878c850cb37f513c60560fcb3865952e936f7d8429330e6674652b2fcfb1566,,,,,,2016-10-21,,MD,,Kirklees,Kirklees Council,,,local-authority-eng:KIR,,,1974-04-01,,,,,
a878c850cb37f513c60560fcb3865952e936f7d8429330e6674652b2fcfb1566,,,,,,2016-10-21,,UA,,Kingston upon Hull,Hull City Council,,,local-authority-eng:KHL,,,1996-04-01,,,,,
a878c850cb37f513c60560fcb3865952e936f7d8429330e6674652b2fcfb1566,,,,,,2016-10-21,,UA,,Isle of Wight,Isle of Wight Council,,,local-authority-eng:IOW,,,1905-06-17,,,,,
a878c850cb37f513c60560fcb3865952e936f7d8429330e6674652b2fcfb1566,,,,,,2016-10-21,,UA,,Isles of Scilly,Council of the Isles of Scilly,,,local-authority-eng:IOS,,,1974-04-01,,,,,
a878c850cb37f513c60560fcb3865952e936f7d8429330e6674652b2fcfb1566,,,,,,2016-10-21,,UA,,Hartlepool,Hartlepool Borough Council,,,local-authority-eng:HPL,,,1905-06-18,,,,,
a878c850cb37f513c60560fcb3865952e936f7d8429330e6674652b2fcfb1566,,,,,,2016-10-21,,UA,,Herefordshire,Herefordshire Council,,,local-authority-eng:HEF,,,1998-04-01,,,,,
a878c850cb37f513c60560fcb3865952e936f7d8429330e6674652b2fcfb1566,,,,,,2016-10-21,,UA,,Halton,Halton Borough Council,,,local-authority-eng:HAL,,,1998-04-01,,,,,
a878c850cb37f513c60560fcb3865952e936f7d8429330e6674652b2fcfb1566,,,,,,2016-10-21,,MD,,Gateshead,Gateshead Metropolitan Borough Council,,,local-authority-eng:GAT,,,1974-04-01,,,,,
a878c850cb37f513c60560fcb3865952e936f7d8429330e6674652b2fcfb1566,,,,,,2016-10-21,,UA,,East Riding of Yorkshire,East Riding of Yorkshire Council,,,local-authority-eng:ERY,,,1996-04-01,,,,,
a878c850cb37f513c60560fcb3865952e936f7d8429330e6674652b2fcfb1566,,,,,,2016-10-21,,UA,,County Durham,Durham County Council,,,local-authority-eng:DUR,,,2009-04-01,,,,,
a878c850cb37f513c60560fcb3865952e936f7d8429330e6674652b2fcfb1566,,,,,,2016-10-21,,MD,,Dudley,Dudley Metropolitan Borough Council,,,local-authority-eng:DUD,,,1974-04-01,,,,,
a878c850cb37f513c60560fcb3865952e936f7d8429330e6674652b2fcfb1566,,,,,,2016-10-21,,MD,,Doncaster,Doncaster Metropolitan Borough Council,,,local-authority-eng:DNC,,,1974-04-01,,,,,
a878c850cb37f513c60560fcb3865952e936f7d8429330e6674652b2fcfb1566,,,,,,2016-10-21,,UA,,Darlington,Darlington Borough Council,,,local-authority-eng:DAL,,,1997-04-01,,,,,
a878c850cb37f513c60560fcb3865952e936f7d8429330e6674652b2fcfb1566,,,,,,2016-10-21,,MD,,Coventry,Coventry City Council,,,local-authority-eng:COV,,,1974-04-01,,,,,
a878c850cb37f513c60560fcb3865952e936f7d8429330e6674652b2fcfb1566,,,,,,2016-10-21,,UA,,Cornwall,Cornwall Council,,,local-authority-eng:CON,,,2009-04-01,,,,,
a878c850cb37f513c60560fcb3865952e936f7d8429330e6674652b2fcfb1566,,,,,,2016-10-21,,MD,,Calderdale,Calderdale Metropolitan Borough Council,,,local-authority-eng:CLD,,,1974-04-01,,,,,
a878c850cb37f513c60560fcb3865952e936f7d8429330e6674652b2fcfb1566,,,,,,2016-10-21,,UA,,Cheshire West and Chester,Cheshire West and Chester Council,,,local-authority-eng:CHW,,,2009-04-01,,,,,
a878c850cb37f513c60560fcb3865952e936f7d8429330e6674652b2fcfb1566,,,,,,2016-10-21,,UA,,Cheshire East,Cheshire East Council,,,local-authority-eng:CHE,,,2009-04-01,,,,,
a878c850cb37f513c60560fcb3865952e936f7d8429330e6674652b2fcfb1566,,,,,,2016-10-21,,UA,,Central Bedfordshire,Central Bedfordshire Council,,,local-authority-eng:CBF,,,2009-04-01,,,,,
a878c850cb37f513c60560fcb3865952e936f7d8429330e6674652b2fcfb1566,,,,,,2016-10-21,,MD,,Bury,Bury Metropolitan Borough Council,,,local-authority-eng:BUR,,,1974-04-01,,,,,
a878c850cb37f513c60560fcb3865952e936f7d8429330e6674652b2fcfb1566,,,,,,2016-10-21,,UA,,City of Bristol,Bristol City Council,,,local-authority-eng:BST,,,1905-06-18,,,,,
a878c850cb37f513c60560fcb3865952e936f7d8429330e6674652b2fcfb1566,,,,,,2016-10-21,,MD,,Bradford,City of Bradford Metropolitan District Council,,,local-authority-eng:BRD,,,1974-04-01,,,,,
a878c850cb37f513c60560fcb3865952e936f7d8429330e6674652b2fcfb1566,,,,,,2016-10-21,,UA,,Bracknell Forest,Bracknell Forest Council,,,local-authority-eng:BRC,,,1998-04-01,,,,,
a878c850cb37f513c60560fcb3865952e936f7d8429330e6674652b2fcfb1566,,,,,,2016-10-21,,UA,,Blackpool,Blackpool Borough Council,,,local-authority-eng:BPL,,,1905-06-20,,,,,
a878c850cb37f513c60560fcb3865952e936f7d8429330e6674652b2fcfb1566,,,,,,2016-10-21,,MD,,Bolton,Bolton Metropolitan Borough Council,,,local-authority-eng:BOL,,,1974-04-01,,,,,
a878c850cb37f513c60560fcb3865952e936f7d8429330e6674652b2fcfb1566,,,,,,2016-10-21,,MD,,Barnsley,Barnsley Metropolitan Borough Council,,,local-authority-eng:BNS,,,1974-04-01,,,,,
a878c850cb37f513c60560fcb3865952e936f7d8429330e6674652b2fcfb1566,,,,,,2016-10-21,,UA,,Brighton and Hove,Brighton and Hove City Council,,,local-authority-eng:BNH,,,1905-06-19,,,,,
a878c850cb37f513c60560fcb3865952e936f7d8429330e6674652b2fcfb1566,,,,,,2016-10-21,,UA,,Bedford,Bedford Borough Council,,,local-authority-eng:BDF,,,2009-04-01,,,,,
a878c850cb37f513c60560fcb3865952e936f7d8429330e6674652b2fcfb1566,,,,,,2016-10-21,,UA,,Blackburn with Darwen,Blackburn with Darwen Borough Council,,,local-authority-eng:BBD,,,1998-04-01,,,,,
a878c850cb37f513c60560fcb3865952e936f7d8429330e6674652b2fcfb1566,,,,,,2016-10-21,,UA,,Bath and North East Somerset,Bath and North East Somerset Council,,,local-authority-eng:BAS,,,1996-04-01,,,,,
